solver,penalty,dual,tol,C,fit_intercept,intercept_scaling,max_iteration,multi_class,l1_ratio,class_weight,random_state,verbose,warm_start,n_jobs,score,AOD,TPR,FPR,counter,timer,write_file
sag,l2,False,0.5684828555351359,10.628627814422222,False,8.279780679240332,1002,multinomial,,,2019,0,True,,0.8003930721041641,0.034334582727189394,0.027296461555974816,0.04137270389840398,0,0.23033499717712402,"./updated_trained_models/logisticRegression_census_9_sag_l2_False_0.5684828555351359_10.628627814422222_False_8.279780679240332_1002_multinomial_None_None_2019_0_True_None.pkl"
liblinear,l1,False,0.14112221563269917,22.306735913383406,True,6.945152409248964,988,auto,,,2019,0,False,,0.8037096179830487,0.05729843569320936,0.07811972223932875,0.036477149147089966,1,0.30283284187316895,"./updated_trained_models/logisticRegression_census_9_liblinear_l1_False_0.14112221563269917_22.306735913383406_True_6.945152409248964_988_auto_None_None_2019_0_False_None.pkl"
saga,l1,False,0.3063690767556991,45.237353310746926,True,3.9124594764374554,1010,auto,,,2019,0,False,,0.8066576587642795,0.053360394779377374,0.0662023636903129,0.04051842586844185,2,0.3748040199279785,"./updated_trained_models/logisticRegression_census_9_saga_l1_False_0.3063690767556991_45.237353310746926_True_3.9124594764374554_1010_auto_None_None_2019_0_False_None.pkl"
